Type,Name,Request Count,Failure Count,Median Response Time,Average Response Time,Min Response Time,Max Response Time,Average Content Size,Requests/s,Failures/s,50%,66%,75%,80%,90%,95%,98%,99%,99.9%,99.99%,100%
GET,/digid/idp/inloggen_ww/?acs=http%3A%2F%2Flocalhost%3A8000%2Fdigid%2Facs%2F&next=http%3A%2F%2Flocalhost%3A8000&cancel=http%3A%2F%2Flocalhost%3A8000%2Faccounts%2Flogin%2F,1,0,146.44589700037614,146.44589700037614,146.44589700037614,146.44589700037614,6738.0,0.01699389075821419,0.0,150,150,150,150,150,150,150,150,150,150,150
POST,/digid/idp/inloggen_ww/?acs=http%3A%2F%2Flocalhost%3A8000%2Fdigid%2Facs%2F&next=http%3A%2F%2Flocalhost%3A8000&cancel=http%3A%2F%2Flocalhost%3A8000%2Faccounts%2Flogin%2F,1,0,3960.5279700008396,3960.5279700008396,3960.5279700008396,3960.5279700008396,44600.0,0.01699389075821419,0.0,4000,4000,4000,4000,4000,4000,4000,4000,4000,4000,4000
GET,/mijn-aanvragen/21c55ba6-9ea0-4656-b1e0-8eb51f6cc683/status/content,26,0,500.0,511.9577764229549,474.6624620001967,691.7959559996234,9102.0,0.4418411597135689,0.0,500,500,510,520,530,650,690,690,690,690,690
GET,/mijn-aanvragen/21c55ba6-9ea0-4656-b1e0-8eb51f6cc683/status/content?uncached=true,1,0,4533.060666999518,4533.060666999518,4533.060666999518,4533.060666999518,9102.0,0.01699389075821419,0.0,4500,4500,4500,4500,4500,4500,4500,4500,4500,4500,4500
GET,/mijn-aanvragen/content,13,0,670.0,676.1979229231656,622.2663909993571,706.8090819993813,17820.0,0.22092057985678445,0.0,670,690,700,700,710,710,710,710,710,710,710
GET,/mijn-aanvragen/content?_uncached=true,1,0,9060.142850001284,9060.142850001284,9060.142850001284,9060.142850001284,17895.0,0.01699389075821419,0.0,9100,9100,9100,9100,9100,9100,9100,9100,9100,9100,9100
,Aggregated,43,0,520.0,925.6198271860465,146.44589700037614,9060.142850001284,12712.720930232557,0.7307373026032101,0.0,520,660,670,690,710,4000,9100,9100,9100,9100,9100
