Type,Name,Request Count,Failure Count,Median Response Time,Average Response Time,Min Response Time,Max Response Time,Average Content Size,Requests/s,Failures/s,50%,66%,75%,80%,90%,95%,98%,99%,99.9%,99.99%,100%
GET,/digid/idp/inloggen_ww/?acs=http%3A%2F%2Flocalhost%3A8000%2Fdigid%2Facs%2F&next=http%3A%2F%2Flocalhost%3A8000&cancel=http%3A%2F%2Flocalhost%3A8000%2Faccounts%2Flogin%2F,1,0,118.73440300041693,118.73440300041693,118.73440300041693,118.73440300041693,6738.0,0.016998126921107075,0.0,120,120,120,120,120,120,120,120,120,120,120
POST,/digid/idp/inloggen_ww/?acs=http%3A%2F%2Flocalhost%3A8000%2Fdigid%2Facs%2F&next=http%3A%2F%2Flocalhost%3A8000&cancel=http%3A%2F%2Flocalhost%3A8000%2Faccounts%2Flogin%2F,1,0,1976.276933999543,1976.276933999543,1976.276933999543,1976.276933999543,44600.0,0.016998126921107075,0.0,2000,2000,2000,2000,2000,2000,2000,2000,2000,2000,2000
GET,/mijn-aanvragen/21c55ba6-9ea0-4656-b1e0-8eb51f6cc683/status/content,21,0,480.0,491.3570622382048,455.9009780004999,555.5192379997607,9102.0,0.3569606653432486,0.0,480,500,510,510,530,550,560,560,560,560,560
GET,/mijn-aanvragen/21c55ba6-9ea0-4656-b1e0-8eb51f6cc683/status/content?uncached=true,1,0,1517.284825000388,1517.284825000388,1517.284825000388,1517.284825000388,9102.0,0.016998126921107075,0.0,1500,1500,1500,1500,1500,1500,1500,1500,1500,1500,1500
GET,/mijn-aanvragen/content,24,0,600.0,611.5234143332297,558.8081490004697,678.8694429997122,17820.0,0.40795504610656985,0.0,600,610,640,660,670,670,680,680,680,680,680
GET,/mijn-aanvragen/content?_uncached=true,1,0,8173.7291119989095,8173.7291119989095,8173.7291119989095,8173.7291119989095,17895.0,0.016998126921107075,0.0,8200,8200,8200,8200,8200,8200,8200,8200,8200,8200,8200
,Aggregated,49,0,570.0,750.6343984693688,118.73440300041693,8173.7291119989095,14227.69387755102,0.8329082191342467,0.0,570,600,610,630,670,1500,8200,8200,8200,8200,8200
